index,start,end,duration,peak,mean_mag,year
CTX90pct,1986-01-27,1986-01-29,3,9.97,8.83,1986
CTX90pct,1986-04-21,1986-04-26,6,15.77,14.56,1986
CTX90pct,1987-07-13,1987-07-16,4,23.22,22.61,1987
CTX90pct,1989-11-16,1989-11-18,3,15.2,13.93,1989
CTX90pct,1990-10-13,1990-10-16,4,17.96,16.55,1990
CTX90pct,1990-12-23,1990-12-25,3,10.29,9.48,1990
CTX90pct,1991-11-03,1991-11-05,3,14.88,14.09,1991
CTX90pct,1992-03-11,1992-03-13,3,6.51,6.12,1992
CTX90pct,1993-04-21,1993-04-24,4,13.26,12.36,1993
CTX90pct,1993-12-13,1993-12-15,3,9.66,8.82,1993
CTX90pct,1994-10-09,1994-10-11,3,17.23,16.92,1994
CTX90pct,1995-01-07,1995-01-09,3,8.06,7.09,1995
CTX90pct,1995-07-08,1995-07-10,3,21.84,21.6,1995
CTX90pct,1996-02-23,1996-02-26,4,8.13,7.08,1996
CTX90pct,1996-08-06,1996-08-08,3,25.86,24.48,1996
CTX90pct,1998-05-01,1998-05-05,5,15.07,14.27,1998
CTX90pct,1998-08-09,1998-08-11,3,24.75,24.08,1998
CTX90pct,1999-02-14,1999-02-16,3,6.2,6.07,1999
CTX90pct,1999-05-05,1999-05-11,7,16.86,14.9,1999
CTX90pct,1999-05-17,1999-05-21,5,16.68,16.19,1999
CTX90pct,1999-05-31,1999-06-02,3,18.26,17.41,1999
CTX90pct,1999-06-11,1999-06-16,6,21.16,19.3,1999
CTX90pct,1999-09-11,1999-09-13,3,22.57,21.48,1999
CTX90pct,2000-01-20,2000-01-22,3,6.5,6.31,2000
CTX90pct,2000-01-26,2000-01-28,3,9.72,9.35,2000
CTX90pct,2000-03-16,2000-03-18,3,8.14,7.06,2000
CTX90pct,2000-03-30,2000-04-01,3,9.39,8.71,2000
CTX90pct,2000-04-04,2000-04-06,3,10.45,9.69,2000
CTX90pct,2001-09-09,2001-09-11,3,24.95,23.69,2001
CTX90pct,2002-08-16,2002-08-19,4,23.83,23.24,2002
CTX90pct,2003-02-01,2003-02-03,3,7.3,6.37,2003
CTX90pct,2003-09-13,2003-09-17,5,24.16,23.07,2003
CTX90pct,2003-09-29,2003-10-03,5,20.25,19.48,2003
CTX90pct,2003-10-22,2003-10-24,3,17.17,17.0,2003
CTX90pct,2003-10-28,2003-10-31,4,18.06,15.93,2003
CTX90pct,2005-07-19,2005-07-22,4,23.44,22.88,2005
CTX90pct,2006-01-15,2006-01-17,3,11.85,10.57,2006
CTX90pct,2006-05-02,2006-05-04,3,15.43,14.85,2006
CTX90pct,2006-06-19,2006-06-21,3,19.93,19.45,2006
CTX90pct,2006-11-18,2006-11-20,3,13.83,13.45,2006
CTX90pct,2007-06-06,2007-06-10,5,18.57,18.06,2007
CTX90pct,2007-08-29,2007-08-31,3,22.08,21.65,2007
CTX90pct,2008-07-07,2008-07-09,3,22.05,21.86,2008
CTX90pct,2008-10-28,2008-10-30,3,15.45,14.94,2008
CTX90pct,2008-12-10,2008-12-14,5,14.22,11.62,2008
CTX90pct,2009-02-28,2009-03-04,5,10.69,7.76,2009
CTX90pct,2009-04-23,2009-04-26,4,11.83,11.23,2009
CTX90pct,2009-05-17,2009-05-19,3,15.18,14.78,2009
CTX90pct,2009-11-27,2009-11-29,3,11.91,10.98,2009
CTX90pct,2010-04-08,2010-04-10,3,9.66,8.84,2010
CTX90pct,2011-09-30,2011-10-02,3,19.46,18.59,2011
CTX90pct,2012-04-10,2012-04-13,4,10.52,9.69,2012
CTX90pct,2012-04-16,2012-04-18,3,13.83,12.61,2012
CTX90pct,2012-04-25,2012-04-27,3,13.37,12.18,2012
CTX90pct,2012-05-15,2012-05-17,3,16.23,15.48,2012
CTX90pct,2012-06-30,2012-07-02,3,21.56,21.48,2012
CTX90pct,2012-08-07,2012-08-09,3,23.82,23.45,2012
CTX90pct,2012-08-27,2012-08-29,3,22.82,22.21,2012
CTX90pct,2012-09-22,2012-09-25,4,22.0,20.31,2012
CTX90pct,2013-05-12,2013-05-15,4,16.56,15.83,2013
CTX90pct,2013-05-24,2013-05-27,4,17.39,16.32,2013
CTX90pct,2013-07-05,2013-07-07,3,25.37,23.55,2013
CTX90pct,2013-07-13,2013-07-15,3,25.07,24.23,2013
CTX90pct,2013-07-25,2013-07-27,3,24.42,24.33,2013
CTX90pct,2013-09-13,2013-09-15,3,23.06,21.57,2013
CTX90pct,2013-09-29,2013-10-02,4,21.17,19.49,2013
CTX90pct,2014-02-14,2014-02-16,3,7.43,6.73,2014
CTX90pct,2014-04-15,2014-04-17,3,11.91,9.85,2014
CTX90pct,2014-07-30,2014-08-04,6,25.05,24.01,2014
CTX90pct,2014-10-18,2014-10-20,3,17.59,17.05,2014
CTX90pct,2014-11-25,2014-11-27,3,12.76,11.73,2014
CTX90pct,2014-12-13,2014-12-15,3,9.81,9.63,2014
CTX90pct,2015-09-29,2015-10-01,3,20.27,19.35,2015
CTX90pct,2016-02-04,2016-02-06,3,9.7,7.13,2016
CTX90pct,2016-05-07,2016-05-09,3,14.95,13.95,2016
CTX90pct,2016-05-23,2016-05-25,3,17.46,15.89,2016
CTX90pct,2016-06-28,2016-06-30,3,21.2,20.88,2016
CTX90pct,2016-11-20,2016-11-22,3,14.18,13.93,2016
CTX90pct,2017-08-22,2017-08-24,3,23.12,22.79,2017
CTX90pct,2017-09-06,2017-09-08,3,22.85,21.78,2017
CTX90pct,2018-04-28,2018-04-30,3,15.22,13.26,2018
CTX90pct,2018-08-01,2018-08-03,3,25.02,23.65,2018
CTX90pct,2018-08-13,2018-08-15,3,24.04,23.82,2018
CTX90pct,2018-08-23,2018-08-26,4,23.62,22.89,2018
CTX90pct,2020-06-23,2020-06-26,4,21.35,20.73,2020
CTX90pct,2020-08-10,2020-08-12,3,24.47,23.56,2020
CTX90pct,2020-09-29,2020-10-01,3,21.18,19.92,2020
CTX90pct,2020-12-05,2020-12-07,3,10.0,9.83,2020
CTX90pct,2021-02-03,2021-02-07,5,7.98,6.37,2021
CTX90pct,2021-03-22,2021-03-26,5,9.86,8.12,2021
CTX90pct,2021-06-22,2021-06-25,4,22.18,20.86,2021
CTX90pct,2021-08-14,2021-08-16,3,23.93,23.18,2021
CTX90pct,2022-05-21,2022-05-23,3,15.96,15.72,2022
CTX90pct,2022-06-23,2022-06-30,8,21.03,20.64,2022
CTX90pct,2022-07-22,2022-07-25,4,25.31,24.11,2022
CTX90pct,2022-08-01,2022-08-07,7,24.29,23.6,2022
CTX90pct,2022-08-25,2022-08-27,3,22.44,22.23,2022
CTX90pct,2022-08-30,2022-09-03,5,23.77,23.08,2022
CTX90pct,2022-09-26,2022-09-28,3,20.98,19.64,2022
CTX90pct,2022-10-19,2022-10-21,3,16.18,16.08,2022
CTX90pct,2022-10-25,2022-10-28,4,16.72,16.06,2022
CTX90pct,2023-01-14,2023-01-18,5,10.29,8.37,2023
CTX90pct,2023-06-22,2023-06-24,3,22.1,21.0,2023
CTX90pct,2023-07-16,2023-07-27,12,24.71,23.76,2023
CTX90pct,2023-09-15,2023-09-17,3,22.12,21.59,2023
CTX90pct,2023-12-19,2023-12-22,4,10.58,9.15,2023
CTX90pct,2024-02-28,2024-03-01,3,7.74,7.23,2024
CTX90pct,2024-03-28,2024-03-30,3,10.17,8.63,2024
CTX90pct,2024-04-13,2024-04-17,5,12.17,10.12,2024
CTX90pct,2024-06-19,2024-06-21,3,23.09,21.6,2024
CTX90pct,2024-08-18,2024-08-21,4,24.02,23.44,2024
CTX90pct,2024-09-06,2024-09-09,4,21.73,21.36,2024
CTX90pct,2024-10-24,2024-10-26,3,17.3,16.47,2024
CTX90pct,2024-11-15,2024-11-18,4,12.83,12.16,2024
CTX90pct,2024-12-19,2024-12-22,4,10.91,10.36,2024
CTX90pct,2025-02-26,2025-02-28,3,7.92,7.19,2025
CTX90pct,2025-03-17,2025-03-19,3,10.9,7.8,2025
CTX90pct,2025-03-21,2025-03-23,3,10.71,9.36,2025
CTX90pct,2025-03-25,2025-03-27,3,7.23,6.97,2025
CTX90pct,2025-05-29,2025-06-02,5,18.92,16.85,2025
CTX90pct,2025-06-04,2025-06-07,4,20.22,18.95,2025
CTX90pct,2025-07-16,2025-07-19,4,23.85,23.15,2025
CTX90pct,2025-08-08,2025-08-15,8,25.5,24.82,2025
CTX90pct,2025-10-07,2025-10-09,3,19.21,18.54,2025
CTX90pct,2025-10-23,2025-10-25,3,16.48,15.83,2025
CTN90pct,1986-01-21,1986-01-23,3,3.75,0.64,1986
CTN90pct,1986-01-28,1986-01-30,3,4.87,1.16,1986
CTN90pct,1986-04-11,1986-04-16,6,3.66,2.7,1986
CTN90pct,1986-04-22,1986-04-26,5,9.5,7.65,1986
CTN90pct,1987-03-19,1987-03-21,3,3.05,2.06,1987
CTN90pct,1987-04-02,1987-04-04,3,3.47,2.89,1987
CTN90pct,1987-05-08,1987-05-11,4,8.64,8.27,1987
CTN90pct,1987-07-13,1987-07-16,4,17.26,16.53,1987
CTN90pct,1988-05-11,1988-05-14,4,7.59,6.07,1988
CTN90pct,1988-06-28,1988-06-30,3,15.46,15.2,1988
CTN90pct,1989-04-06,1989-04-08,3,2.86,2.2,1989
CTN90pct,1989-08-06,1989-08-09,4,18.73,18.37,1989
CTN90pct,1989-08-15,1989-08-17,3,18.01,17.59,1989
CTN90pct,1990-04-03,1990-04-06,4,3.77,2.64,1990
CTN90pct,1990-06-15,1990-06-20,6,13.05,12.19,1990
CTN90pct,1990-10-13,1990-10-16,4,14.16,12.55,1990
CTN90pct,1990-11-18,1990-11-21,4,10.18,7.56,1990
CTN90pct,1991-11-03,1991-11-05,3,11.23,9.72,1991
CTN90pct,1992-09-10,1992-09-12,3,16.54,15.89,1992
CTN90pct,1993-04-22,1993-04-24,3,8.07,7.02,1993
CTN90pct,1993-05-22,1993-05-24,3,11.41,9.57,1993
CTN90pct,1993-12-13,1993-12-15,3,6.66,6.14,1993
CTN90pct,1994-06-30,1994-07-03,4,14.55,14.38,1994
CTN90pct,1994-07-28,1994-07-30,3,18.84,17.94,1994
CTN90pct,1994-08-07,1994-08-10,4,19.39,17.99,1994
CTN90pct,1994-08-28,1994-08-30,3,17.34,17.05,1994
CTN90pct,1994-10-09,1994-10-11,3,11.65,11.2,1994
CTN90pct,1995-01-23,1995-01-25,3,-0.41,-0.91,1995
CTN90pct,1995-06-14,1995-06-16,3,12.75,11.61,1995
CTN90pct,1996-02-16,1996-02-18,3,1.28,0.32,1996
CTN90pct,1996-02-24,1996-02-28,5,5.41,2.54,1996
CTN90pct,1996-03-20,1996-03-23,4,1.11,0.47,1996
CTN90pct,1996-12-10,1996-12-13,4,6.81,5.18,1996
CTN90pct,1997-06-18,1997-06-20,3,12.96,12.3,1997
CTN90pct,1998-01-31,1998-02-03,4,1.43,-0.13,1998
CTN90pct,1998-02-26,1998-03-04,7,4.34,1.44,1998
CTN90pct,1998-05-02,1998-05-05,4,8.25,6.34,1998
CTN90pct,1998-08-10,1998-08-13,4,18.72,17.97,1998
CTN90pct,1999-02-05,1999-02-07,3,3.78,1.76,1999
CTN90pct,1999-02-14,1999-02-16,3,2.21,1.4,1999
CTN90pct,1999-03-09,1999-03-12,4,2.83,2.12,1999
CTN90pct,1999-05-19,1999-05-23,5,8.3,7.9,1999
CTN90pct,1999-06-14,1999-06-16,3,13.64,11.95,1999
CTN90pct,1999-09-23,1999-09-25,3,16.03,14.83,1999
CTN90pct,2000-01-26,2000-01-28,3,8.58,2.52,2000
CTN90pct,2000-02-28,2000-03-04,6,1.7,1.24,2000
CTN90pct,2000-05-15,2000-05-17,3,8.09,7.35,2000
CTN90pct,2000-11-09,2000-11-12,4,8.14,7.66,2000
CTN90pct,2001-09-09,2001-09-11,3,16.7,16.04,2001
CTN90pct,2001-11-03,2001-11-07,5,10.12,8.33,2001
CTN90pct,2001-12-24,2001-12-27,4,4.75,3.03,2001
CTN90pct,2002-05-31,2002-06-03,4,9.1,8.73,2002
CTN90pct,2003-02-01,2003-02-03,3,4.52,2.03,2003
CTN90pct,2003-07-17,2003-07-19,3,17.48,16.85,2003
CTN90pct,2003-09-13,2003-09-15,3,15.5,15.25,2003
CTN90pct,2003-09-29,2003-10-03,5,16.32,15.1,2003
CTN90pct,2003-10-28,2003-10-30,3,15.06,13.29,2003
CTN90pct,2005-09-01,2005-09-04,4,17.95,16.96,2005
CTN90pct,2005-11-23,2005-11-25,3,6.33,6.1,2005
CTN90pct,2006-01-15,2006-01-17,3,8.86,4.44,2006
CTN90pct,2006-05-05,2006-05-08,4,9.16,7.13,2006
CTN90pct,2006-06-19,2006-06-22,4,13.65,12.87,2006
CTN90pct,2006-06-28,2006-07-01,4,16.38,14.81,2006
CTN90pct,2006-11-16,2006-11-20,5,11.51,8.99,2006
CTN90pct,2006-12-15,2006-12-17,3,3.91,2.88,2006
CTN90pct,2007-01-06,2007-01-10,5,2.85,0.99,2007
CTN90pct,2007-06-06,2007-06-10,5,12.53,10.98,2007
CTN90pct,2008-01-29,2008-01-31,3,1.06,-0.15,2008
CTN90pct,2008-07-27,2008-07-29,3,17.45,17.41,2008
CTN90pct,2008-11-27,2008-11-30,4,9.56,6.45,2008
CTN90pct,2009-05-02,2009-05-04,3,5.19,4.91,2009
CTN90pct,2009-05-18,2009-05-20,3,11.57,8.99,2009
CTN90pct,2009-06-24,2009-06-26,3,15.71,15.01,2009
CTN90pct,2010-01-03,2010-01-06,4,1.83,0.96,2010
CTN90pct,2010-02-06,2010-02-10,5,-0.54,-0.8,2010
CTN90pct,2010-02-13,2010-02-15,3,0.11,-0.65,2010
CTN90pct,2010-03-02,2010-03-06,5,2.18,0.8,2010
CTN90pct,2010-07-10,2010-07-14,5,18.15,17.33,2010
CTN90pct,2010-09-03,2010-09-05,3,17.42,16.67,2010
CTN90pct,2010-09-30,2010-10-02,3,16.2,14.51,2010
CTN90pct,2010-11-06,2010-11-08,3,8.5,8.14,2010
CTN90pct,2010-12-02,2010-12-09,8,7.62,5.24,2010
CTN90pct,2010-12-15,2010-12-26,12,6.02,3.85,2010
CTN90pct,2011-01-09,2011-01-11,3,0.77,0.5,2011
CTN90pct,2012-04-10,2012-04-13,4,3.95,3.18,2012
CTN90pct,2012-04-17,2012-04-19,3,8.12,4.38,2012
CTN90pct,2012-04-25,2012-04-28,4,7.78,5.45,2012
CTN90pct,2012-05-11,2012-05-13,3,10.75,8.58,2012
CTN90pct,2012-05-16,2012-05-18,3,9.87,8.72,2012
CTN90pct,2012-08-07,2012-08-09,3,19.4,18.47,2012
CTN90pct,2012-09-21,2012-09-25,5,18.19,15.37,2012
CTN90pct,2012-11-02,2012-11-05,4,11.43,9.58,2012
CTN90pct,2012-12-29,2012-12-31,3,1.24,0.91,2012
CTN90pct,2013-01-12,2013-01-14,3,2.51,0.91,2013
CTN90pct,2013-03-01,2013-03-04,4,2.45,0.84,2013
CTN90pct,2013-03-13,2013-03-15,3,1.7,0.75,2013
CTN90pct,2013-04-26,2013-04-28,3,4.63,4.35,2013
CTN90pct,2013-05-13,2013-05-16,4,11.44,9.5,2013
CTN90pct,2013-05-25,2013-05-27,3,11.68,10.96,2013
CTN90pct,2013-07-13,2013-07-15,3,16.25,16.06,2013
CTN90pct,2013-07-25,2013-07-27,3,19.9,19.74,2013
CTN90pct,2013-09-13,2013-09-15,3,17.59,17.21,2013
CTN90pct,2013-10-01,2013-10-03,3,14.14,13.23,2013
CTN90pct,2014-01-15,2014-01-19,5,1.52,-0.08,2014
CTN90pct,2014-06-05,2014-06-07,3,11.19,10.57,2014
CTN90pct,2014-07-09,2014-07-11,3,16.63,16.26,2014
CTN90pct,2014-07-30,2014-08-03,5,19.51,18.85,2014
CTN90pct,2014-12-12,2014-12-15,4,8.46,5.27,2014
CTN90pct,2015-08-22,2015-08-24,3,17.8,17.11,2015
CTN90pct,2015-09-29,2015-10-01,3,14.01,13.62,2015
CTN90pct,2016-04-01,2016-04-03,3,5.57,3.66,2016
CTN90pct,2016-05-07,2016-05-09,3,8.54,6.72,2016
CTN90pct,2016-06-29,2016-07-01,3,15.93,15.54,2016
CTN90pct,2016-11-17,2016-11-23,7,12.55,8.8,2016
CTN90pct,2018-01-12,2018-01-14,3,5.87,3.28,2018
CTN90pct,2018-03-02,2018-03-06,5,0.32,0.15,2018
CTN90pct,2018-04-26,2018-04-29,4,9.75,5.83,2018
CTN90pct,2020-05-30,2020-06-02,4,11.5,10.55,2020
CTN90pct,2020-06-24,2020-06-26,3,15.43,15.13,2020
CTN90pct,2020-09-28,2020-10-03,6,16.04,15.04,2020
CTN90pct,2020-10-17,2020-10-19,3,11.33,10.57,2020
CTN90pct,2020-12-02,2020-12-08,7,9.12,4.68,2020
CTN90pct,2021-01-06,2021-01-09,4,4.51,2.19,2021
CTN90pct,2021-01-17,2021-01-19,3,1.27,-0.13,2021
CTN90pct,2021-02-04,2021-02-06,3,4.64,1.86,2021
CTN90pct,2021-03-23,2021-03-26,4,2.9,1.33,2021
CTN90pct,2021-04-03,2021-04-09,7,3.82,3.32,2021
CTN90pct,2021-08-14,2021-08-16,3,18.56,17.85,2021
CTN90pct,2021-09-29,2021-10-02,4,14.63,13.96,2021
CTN90pct,2021-11-24,2021-11-30,7,8.84,6.44,2021
CTN90pct,2022-02-10,2022-02-13,4,0.17,-0.66,2022
CTN90pct,2022-06-19,2022-06-21,3,12.8,12.6,2022
CTN90pct,2022-06-24,2022-06-30,7,15.17,14.44,2022
CTN90pct,2022-07-23,2022-07-27,5,18.4,17.43,2022
CTN90pct,2022-08-03,2022-08-06,4,17.63,17.44,2022
CTN90pct,2022-08-24,2022-08-26,3,18.33,17.72,2022
CTN90pct,2022-08-30,2022-09-03,5,19.8,17.88,2022
CTN90pct,2022-09-27,2022-09-29,3,16.91,15.62,2022
CTN90pct,2022-10-17,2022-10-24,8,11.95,10.77,2022
CTN90pct,2022-10-26,2022-10-28,3,12.45,10.87,2022
CTN90pct,2022-12-14,2022-12-16,3,3.03,2.59,2022
CTN90pct,2023-01-14,2023-01-21,8,6.7,1.23,2023
CTN90pct,2023-07-04,2023-07-06,3,15.13,14.86,2023
CTN90pct,2023-07-16,2023-07-25,10,19.4,17.85,2023
CTN90pct,2023-09-06,2023-09-08,3,18.43,17.36,2023
CTN90pct,2023-09-14,2023-09-17,4,18.36,16.48,2023
CTN90pct,2023-12-19,2023-12-21,3,8.22,6.5,2023
CTN90pct,2024-04-13,2024-04-17,5,7.57,4.76,2024
CTN90pct,2024-07-09,2024-07-11,3,15.66,15.43,2024
CTN90pct,2024-07-17,2024-07-19,3,18.0,17.27,2024
CTN90pct,2024-07-29,2024-08-02,5,19.34,18.31,2024
CTN90pct,2024-11-15,2024-11-21,7,10.99,9.21,2024
CTN90pct,2025-01-01,2025-01-08,8,2.23,1.38,2025
CTN90pct,2025-03-21,2025-03-23,3,2.8,2.03,2025
CTN90pct,2025-06-01,2025-06-03,3,10.7,10.15,2025
CTN90pct,2025-06-05,2025-06-08,4,12.93,11.33,2025
CTN90pct,2025-10-23,2025-10-25,3,13.32,11.17,2025
CTN90pct,2026-02-10,2026-02-14,5,0.05,-0.38,2026
CTN90pct,2026-05-03,2026-05-09,7,8.3,5.73,2026
EHF,1987-07-14,1987-07-18,5,14.52,8.2,1987
EHF,1988-07-31,1988-08-03,4,2.54,1.71,1988
EHF,1988-08-09,1988-08-13,5,4.49,2.93,1988
EHF,1989-07-28,1989-07-30,3,4.61,2.93,1989
EHF,1989-08-04,1989-08-12,9,9.65,3.7,1989
EHF,1989-08-16,1989-08-19,4,5.4,1.89,1989
EHF,1990-08-09,1990-08-18,10,7.14,3.93,1990
EHF,1993-08-02,1993-08-07,6,7.0,4.99,1993
EHF,1994-07-28,1994-08-03,7,10.7,5.45,1994
EHF,1994-08-07,1994-08-12,6,8.0,4.43,1994
EHF,1994-08-29,1994-08-31,3,2.06,1.13,1994
EHF,1995-08-11,1995-08-13,3,3.26,2.39,1995
EHF,1996-08-06,1996-08-13,8,11.16,4.39,1996
EHF,1997-08-06,1997-08-08,3,0.61,0.33,1997
EHF,1998-07-18,1998-07-21,4,4.18,1.8,1998
EHF,1998-07-31,1998-08-02,3,0.63,0.49,1998
EHF,1998-08-04,1998-08-20,17,12.27,3.0,1998
EHF,1999-07-31,1999-08-05,6,5.77,4.2,1999
EHF,1999-08-15,1999-08-18,4,1.88,0.57,1999
EHF,2000-08-17,2000-08-22,6,9.69,4.92,2000
EHF,2001-08-05,2001-08-13,9,3.7,1.9,2001
EHF,2001-08-17,2001-08-19,3,0.88,0.57,2001
EHF,2001-09-10,2001-09-12,3,7.11,4.15,2001
EHF,2002-08-07,2002-08-09,3,1.58,1.11,2002
EHF,2002-08-16,2002-08-23,8,10.6,5.04,2002
EHF,2003-07-16,2003-07-28,13,9.08,4.62,2003
EHF,2003-09-15,2003-09-18,4,5.44,2.94,2003
EHF,2004-07-22,2004-07-26,5,9.48,4.23,2004
EHF,2004-07-30,2004-08-17,19,6.89,2.75,2004
EHF,2004-08-22,2004-08-24,3,1.4,1.0,2004
EHF,2005-07-20,2005-07-24,5,10.1,5.87,2005
EHF,2005-07-29,2005-07-31,3,3.96,1.82,2005
EHF,2005-08-09,2005-08-14,6,2.96,1.63,2005
EHF,2005-09-02,2005-09-05,4,4.26,2.15,2005
EHF,2006-07-20,2006-07-26,7,3.42,1.52,2006
EHF,2006-08-21,2006-08-23,3,0.63,0.32,2006
EHF,2007-07-30,2007-08-01,3,5.9,4.03,2007
EHF,2008-07-17,2008-07-19,3,4.57,2.39,2008
EHF,2008-07-27,2008-07-30,4,5.42,3.85,2008
EHF,2008-08-25,2008-08-27,3,1.09,0.62,2008
EHF,2009-07-31,2009-08-02,3,2.75,2.55,2009
EHF,2009-08-05,2009-08-08,4,3.52,1.81,2009
EHF,2009-08-21,2009-08-25,5,3.09,1.98,2009
EHF,2010-07-11,2010-07-15,5,17.03,11.74,2010
EHF,2010-07-19,2010-07-22,4,5.95,4.5,2010
EHF,2010-07-30,2010-08-01,3,3.57,2.31,2010
EHF,2010-08-07,2010-08-09,3,0.86,0.54,2010
EHF,2010-09-04,2010-09-07,4,3.94,2.32,2010
EHF,2012-07-25,2012-07-29,5,1.25,0.55,2012
EHF,2012-08-03,2012-08-15,13,12.35,3.4,2012
EHF,2012-08-22,2012-08-24,3,2.18,1.87,2012
EHF,2012-08-28,2012-08-30,3,2.54,1.31,2012
EHF,2013-07-14,2013-07-16,3,14.75,9.17,2013
EHF,2013-07-25,2013-07-28,4,25.6,13.2,2013
EHF,2013-08-01,2013-08-04,4,1.85,0.85,2013
EHF,2013-08-11,2013-08-17,7,0.64,0.3,2013
EHF,2013-09-14,2013-09-16,3,5.89,3.0,2013
EHF,2014-07-10,2014-07-13,4,5.52,3.74,2014
EHF,2014-07-17,2014-07-19,3,6.99,4.41,2014
EHF,2014-07-21,2014-08-10,21,16.38,4.52,2014
EHF,2015-08-14,2015-08-18,5,5.97,3.97,2015
EHF,2016-07-17,2016-07-19,3,2.64,1.79,2016
EHF,2016-07-24,2016-08-01,9,8.77,3.74,2016
EHF,2016-08-07,2016-08-10,4,3.28,1.5,2016
EHF,2016-08-25,2016-08-27,3,0.83,0.39,2016
EHF,2017-08-23,2017-08-26,4,5.6,3.49,2017
EHF,2017-09-07,2017-09-09,3,2.78,1.18,2017
EHF,2018-07-31,2018-08-04,5,7.8,4.1,2018
EHF,2018-08-08,2018-08-17,10,5.46,2.01,2018
EHF,2018-08-24,2018-08-29,6,4.74,2.32,2018
EHF,2019-08-01,2019-08-05,5,6.96,4.07,2019
EHF,2019-08-12,2019-08-14,3,1.51,0.98,2019
EHF,2019-08-21,2019-08-23,3,1.01,0.64,2019
EHF,2020-08-03,2020-08-05,3,2.03,1.21,2020
EHF,2020-08-08,2020-08-14,7,8.98,5.35,2020
EHF,2021-07-18,2021-07-20,3,3.4,2.37,2021
EHF,2021-08-06,2021-08-08,3,3.41,2.29,2021
EHF,2021-08-14,2021-08-21,8,9.75,5.34,2021
EHF,2022-07-16,2022-07-28,13,10.64,3.6,2022
EHF,2022-08-01,2022-08-09,9,8.33,5.07,2022
EHF,2022-08-14,2022-08-17,4,2.26,1.05,2022
EHF,2022-08-20,2022-08-22,3,0.96,0.49,2022
EHF,2022-08-24,2022-09-05,13,9.05,2.55,2022
EHF,2023-07-16,2023-07-30,15,19.3,11.49,2023
EHF,2023-09-06,2023-09-11,6,6.44,2.45,2023
EHF,2023-09-16,2023-09-18,3,4.03,1.97,2023
EHF,2024-07-17,2024-07-26,10,6.89,3.15,2024
EHF,2024-07-29,2024-08-08,11,13.36,4.86,2024
EHF,2024-08-10,2024-08-13,4,2.25,1.31,2024
EHF,2024-08-18,2024-08-22,5,3.96,2.21,2024
EHF,2024-08-26,2024-08-28,3,1.52,1.43,2024
EHF,2025-07-15,2025-07-21,7,8.97,5.09,2025
EHF,2025-07-30,2025-08-01,3,0.63,0.38,2025
EHF,2025-08-08,2025-08-16,9,11.62,7.09,2025
