,unperturbed_C,optimized_C
2025-08-04 0:00,16.724579,16.741608
2025-08-04 1:00,16.488617,16.491913
2025-08-04 2:00,16.43573,16.416138
2025-08-04 3:00,16.229187,16.248291
2025-08-04 4:00,16.001678,16.038666
2025-08-04 5:00,15.918243,15.925598
2025-08-04 6:00,15.717529,15.717346
2025-08-04 7:00,15.589447,15.599915
2025-08-04 8:00,15.329041,15.326447
2025-08-04 9:00,15.187103,15.162628
2025-08-04 10:00,15.356018,15.326996
2025-08-04 11:00,15.704315,15.6539
2025-08-04 12:00,15.956512,15.91806
2025-08-04 13:00,16.317505,16.275696
2025-08-04 14:00,16.72647,16.680176
2025-08-04 15:00,16.990906,16.955841
2025-08-04 16:00,17.321747,17.244293
2025-08-04 17:00,17.428162,17.353973
2025-08-04 18:00,17.445099,17.360382
2025-08-04 19:00,17.472473,17.43042
2025-08-04 20:00,17.455841,17.356537
2025-08-04 21:00,17.294495,17.24878
2025-08-04 22:00,17.063019,17.001068
2025-08-04 23:00,16.892578,16.82547
2025-08-05 0:00,16.830048,16.784698
2025-08-05 1:00,16.611328,16.571014
2025-08-05 2:00,16.580933,16.53711
2025-08-05 3:00,16.418243,16.384216
2025-08-05 4:00,16.263885,16.209381
2025-08-05 5:00,16.141724,16.063324
2025-08-05 6:00,15.975891,15.913849
2025-08-05 7:00,15.789825,15.726135
2025-08-05 8:00,15.69104,15.635071
2025-08-05 9:00,15.731171,15.643341
2025-08-05 10:00,16.004303,15.899139
2025-08-05 11:00,16.19168,16.145416
2025-08-05 12:00,16.590485,16.58432
2025-08-05 13:00,16.963654,17.06845
2025-08-05 14:00,17.27774,17.437805
2025-08-05 15:00,17.584442,17.674164
2025-08-05 16:00,17.79898,17.801117
2025-08-05 17:00,18.027496,17.972748
2025-08-05 18:00,18.21585,18.164337
2025-08-05 19:00,18.305206,18.273895
2025-08-05 20:00,18.189484,18.227997
2025-08-05 21:00,18.041107,18.061493
2025-08-05 22:00,17.85495,17.860138
2025-08-05 23:00,17.695007,17.709564
2025-08-06 0:00,17.425018,17.48413
2025-08-06 1:00,17.4346,17.473846
2025-08-06 2:00,17.125885,17.252258
2025-08-06 3:00,16.906708,17.016632
2025-08-06 4:00,16.850983,17.010345
2025-08-06 5:00,16.578339,16.756805
2025-08-06 6:00,16.40561,16.583313
2025-08-06 7:00,16.30664,16.398102
2025-08-06 8:00,16.193878,16.178741
2025-08-06 9:00,16.20517,16.124512
2025-08-06 10:00,16.292755,16.190521
2025-08-06 11:00,16.702667,16.656769
2025-08-06 12:00,17.203705,17.19812
2025-08-06 13:00,17.646698,17.703033
2025-08-06 14:00,18.065765,18.049225
2025-08-06 15:00,18.407104,18.228302
2025-08-06 16:00,18.688995,18.488983
2025-08-06 17:00,18.958496,18.730347
2025-08-06 18:00,18.978607,18.784027
2025-08-06 19:00,18.875061,18.612823
2025-08-06 20:00,18.777435,18.45636
2025-08-06 21:00,18.639038,18.302551
2025-08-06 22:00,18.268768,17.888275
2025-08-06 23:00,18.11499,17.765533
2025-08-07 0:00,17.845093,17.524841
2025-08-07 1:00,17.67154,17.378387
2025-08-07 2:00,17.558167,17.284515
2025-08-07 3:00,17.406036,17.120483
2025-08-07 4:00,17.447388,17.118622
2025-08-07 5:00,17.308228,17.02774
2025-08-07 6:00,17.305573,17.116425
2025-08-07 7:00,17.366974,17.197418
2025-08-07 8:00,17.273102,17.156342
2025-08-07 9:00,17.213196,17.056366
2025-08-07 10:00,17.411041,17.366577
2025-08-07 11:00,17.6073,17.749725
2025-08-07 12:00,17.831787,18.004425
2025-08-07 13:00,18.235962,18.408722
2025-08-07 14:00,18.585632,18.84903
2025-08-07 15:00,18.879364,19.19522
2025-08-07 16:00,19.248596,19.624237
2025-08-07 17:00,19.461884,19.831696
2025-08-07 18:00,19.534027,19.858734
2025-08-07 19:00,19.881683,20.151398
2025-08-07 20:00,19.915436,20.166351
2025-08-07 21:00,19.79132,19.936005
2025-08-07 22:00,19.470917,19.639618
2025-08-07 23:00,19.249725,19.461578
2025-08-08 0:00,19.260498,19.378479
2025-08-08 1:00,19.16214,19.352081
2025-08-08 2:00,19.157837,19.285309
2025-08-08 3:00,19.276215,19.353607
2025-08-08 4:00,19.186829,19.353668
2025-08-08 5:00,19.207977,19.291504
2025-08-08 6:00,18.994934,19.138763
2025-08-08 7:00,18.84671,18.941193
2025-08-08 8:00,18.730377,18.828491
2025-08-08 9:00,18.823517,18.921478
2025-08-08 10:00,18.867676,19.005829
2025-08-08 11:00,19.089874,19.114227
2025-08-08 12:00,19.473969,19.397034
2025-08-08 13:00,19.918854,19.707275
2025-08-08 14:00,20.518951,20.038177
2025-08-08 15:00,20.920227,20.398834
2025-08-08 16:00,21.412262,20.728546
2025-08-08 17:00,21.569153,20.952545
2025-08-08 18:00,21.64627,21.146454
2025-08-08 19:00,21.618256,21.256622
2025-08-08 20:00,21.356995,21.10263
2025-08-08 21:00,20.977417,20.947113
2025-08-08 22:00,20.601868,20.703278
2025-08-08 23:00,20.297882,20.433685
2025-08-09 0:00,20.015991,20.211334
2025-08-09 1:00,19.59787,20.061981
2025-08-09 2:00,19.313324,19.927216
2025-08-09 3:00,18.995392,19.854889
2025-08-09 4:00,18.617096,19.70691
2025-08-09 5:00,18.309357,19.365875
2025-08-09 6:00,17.963074,19.216278
2025-08-09 7:00,17.550018,18.983185
2025-08-09 8:00,17.219818,19.177734
2025-08-09 9:00,16.953613,18.962921
2025-08-09 10:00,16.758636,19.039215
2025-08-09 11:00,16.848541,19.217926
2025-08-09 12:00,16.88913,19.523346
2025-08-09 13:00,16.895111,20.07022
2025-08-09 14:00,16.964935,20.43634
2025-08-09 15:00,16.896362,20.673706
2025-08-09 16:00,16.990967,20.773895
2025-08-09 17:00,16.896881,20.80075
2025-08-09 18:00,16.684174,20.86734
2025-08-09 19:00,16.54721,20.816498
2025-08-09 20:00,16.428009,20.834503
2025-08-09 21:00,16.249237,20.636139
2025-08-09 22:00,15.941254,20.390442
2025-08-09 23:00,15.608124,20.256226
2025-08-10 0:00,15.279999,20.158997
2025-08-10 1:00,14.882996,20.036285
2025-08-10 2:00,14.6371765,19.879913
2025-08-10 3:00,14.346771,19.729431
2025-08-10 4:00,14.090179,19.483246
2025-08-10 5:00,13.839203,19.322205
2025-08-10 6:00,13.7447815,19.123627
2025-08-10 7:00,13.646545,19.029968
2025-08-10 8:00,13.548401,18.957306
2025-08-10 9:00,13.449066,18.846466
2025-08-10 10:00,13.424469,18.763397
2025-08-10 11:00,13.507111,18.777588
2025-08-10 12:00,13.510437,19.075623
2025-08-10 13:00,13.638336,19.316132
2025-08-10 14:00,13.770477,19.724579
2025-08-10 15:00,13.938995,19.951874
2025-08-10 16:00,14.122253,20.072418
2025-08-10 17:00,14.228302,20.137299
2025-08-10 18:00,14.222137,20.182281
2025-08-10 19:00,14.093597,20.13379
2025-08-10 20:00,14.097839,19.986298
2025-08-10 21:00,13.94577,19.761383
2025-08-10 22:00,13.662567,19.399048
2025-08-10 23:00,13.498627,19.197968
2025-08-11 0:00,13.128265,18.970795
2025-08-11 1:00,12.964355,18.701294
2025-08-11 2:00,12.719574,18.415192
2025-08-11 3:00,12.84256,18.131195
2025-08-11 4:00,12.629852,17.946136
2025-08-11 5:00,12.5961,17.762665
2025-08-11 6:00,12.502136,17.600677
2025-08-11 7:00,12.356598,17.345367
2025-08-11 8:00,12.299286,17.264374
2025-08-11 9:00,12.255035,17.224121
2025-08-11 10:00,12.155731,17.329163
2025-08-11 11:00,12.268799,17.511627
2025-08-11 12:00,12.382477,17.87381
2025-08-11 13:00,12.724487,18.347626
2025-08-11 14:00,13.200653,18.769012
2025-08-11 15:00,13.540985,19.13565
2025-08-11 16:00,13.744171,19.349396
2025-08-11 17:00,13.92453,19.531158
2025-08-11 18:00,14.088867,19.631195
2025-08-11 19:00,14.096893,19.674164
2025-08-11 20:00,14.164215,19.69223
2025-08-11 21:00,14.053436,19.50113
2025-08-11 22:00,14.049805,19.356323
2025-08-11 23:00,14.067291,19.268188
2025-08-12 0:00,14.049133,19.022003
2025-08-12 1:00,13.968628,18.854523
2025-08-12 2:00,13.904144,18.731659
2025-08-12 3:00,13.715393,18.596985
2025-08-12 4:00,13.722321,18.462006
2025-08-12 5:00,13.719391,18.345795
2025-08-12 6:00,13.682861,18.16272
2025-08-12 7:00,13.643951,17.95581
2025-08-12 8:00,13.635895,17.926392
2025-08-12 9:00,13.729431,18.133759
2025-08-12 10:00,13.845978,18.195251
2025-08-12 11:00,14.040619,18.349152
2025-08-12 12:00,14.256012,18.810516
2025-08-12 13:00,14.303436,19.24472
2025-08-12 14:00,14.232086,19.538574
2025-08-12 15:00,14.423676,19.867554
2025-08-12 16:00,14.603638,20.025269
2025-08-12 17:00,14.684784,20.227753
2025-08-12 18:00,14.658295,20.138153
2025-08-12 19:00,14.629669,20.075989
2025-08-12 20:00,14.386139,20.048615
2025-08-12 21:00,14.396973,19.861786
2025-08-12 22:00,14.340698,19.552643
2025-08-12 23:00,14.295258,19.34195
2025-08-13 0:00,14.2751465,19.016754
2025-08-13 1:00,14.164001,18.807983
2025-08-13 2:00,14.06778,18.676483
2025-08-13 3:00,13.930023,18.536102
2025-08-13 4:00,13.715607,18.500214
2025-08-13 5:00,13.917755,18.506805
2025-08-13 6:00,14.021912,18.618256
2025-08-13 7:00,13.905182,18.771393
2025-08-13 8:00,13.80423,18.713898
2025-08-13 9:00,13.885803,18.834198
2025-08-13 10:00,13.912018,19.020416
2025-08-13 11:00,14.235565,19.173706
2025-08-13 12:00,14.531586,19.51004
2025-08-13 13:00,14.859711,19.77835
2025-08-13 14:00,15.293579,19.97641
2025-08-13 15:00,15.512482,20.349976
2025-08-13 16:00,15.691803,20.405243
2025-08-13 17:00,15.8498535,20.642792
2025-08-13 18:00,15.848846,20.814728
2025-08-13 19:00,15.954132,20.729156
2025-08-13 20:00,16.055267,20.736786
2025-08-13 21:00,16.062225,20.53128
2025-08-13 22:00,15.94873,20.44873
2025-08-13 23:00,15.822205,20.263885
2025-08-14 0:00,15.624329,20.120941
2025-08-14 1:00,15.382202,19.975006
2025-08-14 2:00,15.214569,19.711792
2025-08-14 3:00,15.030701,19.508453
2025-08-14 4:00,14.9566345,19.447845
2025-08-14 5:00,15.031769,19.290436
2025-08-14 6:00,14.88974,19.277588
2025-08-14 7:00,14.773346,19.343506
2025-08-14 8:00,14.70578,19.30893
2025-08-14 9:00,14.698486,19.247803
2025-08-14 10:00,14.765289,19.36856
2025-08-14 11:00,15.07016,19.489838
2025-08-14 12:00,15.5784,19.84018
2025-08-14 13:00,15.920258,20.28122
2025-08-14 14:00,16.045258,20.537872
2025-08-14 15:00,16.34793,20.836517
2025-08-14 16:00,16.577698,21.250092
2025-08-14 17:00,16.670746,21.469177
2025-08-14 18:00,16.586731,21.555023
2025-08-14 19:00,16.562286,21.687958
2025-08-14 20:00,16.267792,21.469269
2025-08-14 21:00,16.160736,21.3154
2025-08-14 22:00,15.942932,21.075958
2025-08-14 23:00,15.684906,20.857056